location_name,lat,long
Photojam,36.2623152026,-116.6850996062
Wikibox,37.8676930826,-117.947863947
Babbleblab,37.3071648682,-119.2601491395
Lajo,37.232431764,-120.5650669769
Yacero,38.3424074741,-121.587746385
Topicshots,37.7390335869,-116.2889149973
Skinix,37.9293450081,-118.9801778541
Eire,38.0662138525,-120.5164484724
Izio,37.5060120503,-116.4107719345
Photojam,37.3457618396,-121.9676992554
Camido,37.0492388691,-120.7135095139
Centidel,37.9708004544,-121.8634730071
Meeveo,38.4760647496,-120.5392786038
Quire,38.8106272872,-120.9569521297
Bubblemix,36.2380732037,-120.9697685622
Chatterbridge,36.4183827807,-119.8907875059
Zoomdog,37.8662024661,-117.6503952822
Jabberstorm,38.5797692887,-119.4903178481
Oozz,37.5326616419,-120.8618682286
Brainsphere,37.5369381849,-119.0196445187
Skiba,37.1955423571,-119.3219897826
Browsetype,38.9894763861,-118.9545383139
Voonix,38.3206621476,-116.1367625831
Livetube,36.0894083622,-121.1068880711
Jaxworks,37.4707391983,-121.2154038068
Vinte,37.3319246815,-118.903455431
Topiczoom,36.6008589193,-118.0276946413
Realpoint,36.133483096,-121.681080044
Riffwire,36.7276294828,-116.4688912427
Demizz,36.1755392767,-117.869614435
Linkbuzz,38.0090847108,-117.988351122
Yozio,38.7416451693,-119.3309160618
Flipbug,36.9537464604,-119.638207512
Mita,37.5853351677,-118.4449514743
Skinte,36.2600714433,-121.4152144732
Eare,37.3737951281,-117.2773738044
Shuffletag,36.9289550887,-118.0490327748
Zoonder,38.023955943,-121.736425041
Livetube,38.7587040996,-119.5531080844
Yodo,37.9865897469,-116.5661245629
Demimbu,37.7210933762,-116.8577559842
Demimbu,36.6405575574,-117.8297317635
Mycat,37.3571286616,-117.8345688273
Tanoodle,37.2884824782,-118.382476009
Thoughtmix,36.4174200131,-118.20328634
Mita,36.9489293721,-121.927153769
Trudoo,36.6722530594,-116.1598434046
Avamba,38.7424395584,-118.9999978863
Roomm,37.5605522608,-121.5675625848
Shuffledrive,38.3580303755,-119.904203897
Nlounge,36.2732151746,-116.4013530907
Cogilith,37.2772633354,-121.868556325
Kare,38.6524957969,-121.9214639267
Rhyloo,37.236395131,-117.8104271521
Meevee,37.5966163398,-117.9362059091
Wordpedia,36.7011832809,-117.7315574144
Mydo,36.7780211076,-121.0688805783
Zooxo,37.7191666955,-116.4774626153
Thoughtstorm,37.9497699317,-118.5091961189
Skinte,36.7609529347,-118.1570837562
Browsedrive,36.6258004356,-118.6103395596
Rhycero,36.8694956877,-119.1988377774
Mydo,36.6077387628,-116.2077736328
Youtags,37.6313717033,-116.0233277983
Meeveo,36.8928357466,-116.9285334399
Gabtune,36.8439513092,-121.6548271498
Fanoodle,37.4977170425,-116.826113408
Realbuzz,36.8848592433,-116.3591986796
Edgepulse,38.2240143128,-118.2613740977
Realmix,36.9857211782,-121.9394096077
Bubbletube,37.6427763714,-116.7578605979
Nlounge,38.2494260018,-116.6663857811
Babbleopia,36.3533290223,-120.2850659989
Browseblab,37.1585679724,-121.7232463948
Livetube,38.7363445007,-118.3851305443
Voomm,38.0664048759,-119.3076432561
Brainlounge,38.5764966953,-116.4966798494
Dablist,38.0368150995,-116.525080229
Oodoo,36.1610208608,-120.7143234603
Wikizz,38.5082215991,-120.6729983695
Bubblemix,38.0161924632,-120.3320941176
Yakijo,38.4681986007,-119.331148279
Riffwire,38.735568927,-118.0549030966
Twitterbeat,36.8607601152,-118.0096133417
Reallinks,36.8881274297,-118.3547775379
Zoomlounge,37.98007518,-121.4258542593
Skyndu,38.5068453714,-117.3441893132
Voomm,37.9217878816,-116.0199764835
Skipstorm,36.2865896285,-120.4609248856
Agivu,38.3623511241,-117.1804149804
Flashpoint,37.0799673825,-119.3269499866
Zoomcast,38.7138226019,-120.2947842299
Voomm,36.8229198564,-119.5777041852
Livetube,36.7371181236,-117.7002723389
Blognation,37.0656481146,-116.5686533381
Teklist,38.5542489651,-117.1599303189
Meetz,37.244559978,-119.4688419344
Gigabox,37.304711422,-117.7689812737
Meemm,38.3448259747,-117.3856466002
Zoonoodle,36.0641984639,-116.4632534171
